<software name="menu">
    <description>Menu</description>
    <year>2023</year>
    <publisher>ArcadeTV</publisher>
    <info name="serial" value="NGM-161 (MVS)"/>
    <info name="release" value="20231011 (MVS)"/>
    <info name="alt_title" value="Menu"/>
    <sharedfeat name="release" value="MVS" />
    <sharedfeat name="compatibility" value="MVS" />
    <part name="cart" interface="neo_cart">
        <dataarea name="maincpu" width="16" endianness="big" size="0x100000">
            <rom loadflag="load16_word_swap" name="menu-p1.bin" offset="0x000000" size="0x100000" crc="a34e378b" sha1="fa382fea97349277520b90d71975690d66a122a6" />   <!-- MB834200 -->
        </dataarea>
        <dataarea name="fixed" size="0x040000">
            <rom offset="0x000000" size="0x020000" name="menu-s1.bin" crc="c2ea0cfd" sha1="fd4a618cdcdbf849374f0a50dd8efe9dbab706c3" />   <!-- TC531000 -->
        </dataarea>
        <dataarea name="audiocpu" size="0x010000">
            <rom offset="0x000000" size="0x010000" name="menu-m1.bin" crc="25058131" sha1="705241b9c1a6b1d3b031e863910bd70263637857" />   <!-- MB832000 -->
        </dataarea>
        <dataarea name="sprites" size="0x200000" />
    </part>
</software>
